{
  "version": 1,
  "author": "Poorvit Jain (poorvitj23@iitk.ac.in), Devesh Kumar (deveshk22@iitk.ac.in), Karan Shah (karanshah23@iitk.ac.in), Nishant Khatri (nishantk23@iitk.ac.in), Luv Ahuja (luvahuja23@iitk.ac.in)",
  "editor": "wokwi",
  "parts": [
    { "type": "wokwi-arduino-mega", "id": "mega", "top": 0, "left": 0, "attrs": {} },
    {
      "type": "wokwi-dht22",
      "id": "dht1",
      "top": -196.27,
      "left": 214.63,
      "attrs": { "temperature": "20.0", "humidity": "30" }
    },
    {
      "type": "wokwi-stepper-motor",
      "id": "stepper1",
      "top": -298.32,
      "left": 21.2,
      "attrs": { "size": "17", "arrow": "orange" }
    },
    {
      "type": "wokwi-photoresistor-sensor",
      "id": "ldr1",
      "top": 278.17,
      "left": -70.68,
      "attrs": {}
    },
    {
      "type": "wokwi-hc-sr04",
      "id": "ultrasonic1",
      "top": -130.75,
      "left": 447.62,
      "attrs": { "distance": "300" }
    },
    { "type": "wokwi-servo", "id": "servo1", "top": 52.08, "left": 525.87, "attrs": {} },
    {
      "type": "wokwi-led",
      "id": "led1",
      "top": 235.5,
      "left": 312.8,
      "attrs": { "color": "red" }
    },
    {
      "type": "wokwi-lcd2004",
      "id": "lcd1",
      "top": -367.49,
      "left": 348.49,
      "attrs": { "pins": "i2c" }
    }
  ],
  "connections": [
    [ "ldr1:VCC", "mega:5V", "red", [ "h0" ] ],
    [ "ldr1:GND", "mega:GND.2", "black", [ "h0" ] ],
    [ "ldr1:AO", "mega:A0", "green", [ "h0" ] ],
    [ "stepper1:A-", "mega:6", "green", [ "v110.86", "h110.86" ] ],
    [ "stepper1:A+", "mega:5", "green", [ "v103.65", "h110.13" ] ],
    [ "stepper1:B+", "mega:4", "green", [ "v95.33", "h108.85" ] ],
    [ "stepper1:B-", "mega:3", "green", [ "v88.67", "h112.01" ] ],
    [ "servo1:PWM", "mega:9", "green", [ "h-297.51", "v-2.39" ] ],
    [ "dht1:SDA", "mega:2", "green", [ "v0" ] ],
    [ "servo1:GND", "mega:GND.3", "black", [ "h-50.24", "v104.69", "h-230.6" ] ],
    [ "servo1:V+", "mega:5V", "red", [ "h-36.04", "v109.39", "h-264.01" ] ],
    [ "ultrasonic1:TRIG", "mega:7", "green", [ "v92.59", "h-338.89" ] ],
    [ "ultrasonic1:ECHO", "mega:8", "green", [ "v107.14", "h-361.14" ] ],
    [ "ultrasonic1:VCC", "mega:5V", "red", [ "v76.52", "h-119.1", "v180.2", "h-235.32" ] ],
    [ "ultrasonic1:GND", "mega:GND.3", "black", [ "v117.28", "h-132.05", "v125.45", "h-231.01" ] ],
    [ "dht1:VCC", "mega:5V", "red", [ "v24.79", "h-241.07", "v276.88", "h175.19" ] ],
    [ "dht1:GND", "mega:GND.3", "black", [ "v69.59", "h158.12", "v218.46", "h-230.49" ] ],
    [ "led1:C", "mega:GND.2", "black", [ "v10.84", "h-153.55" ] ],
    [ "lcd1:VCC", "mega:5V", "red", [ "h-363.33", "v546.13", "h174.64" ] ],
    [ "lcd1:GND", "mega:GND.2", "black", [ "h-378.76", "v570.26", "h200.35" ] ],
    [ "led1:A", "mega:18", "green", [ "v10.09", "h93.24", "v-310.79", "h-123.73" ] ],
    [ "lcd1:SDA", "mega:20", "green", [ "h0" ] ],
    [ "lcd1:SCL", "mega:21", "green", [ "h0" ] ]
  ],
  "dependencies": {}
}